COL_SA_mg_mt_119913_50289-51266	ENA|CAG7612942|CAG7612942.1	75.069	361	73	13	128	481	101	451	1.43e-39	152
COL_SA_mg_mt_69862_10108-11148	ENA|MDH6194915|MDH6194915.1	84.000	50	6	2	259	308	133	180	7.37e-08	47.3
COL_SA_mg_mt_40408_704-1669	ENA|CAG7612942|CAG7612942.1	75.123	406	79	20	71	465	59	453	3.89e-45	171
COL_SA_mg_mt_267587_21608-23968	ENA|CAG7612942|CAG7612942.1	76.018	221	39	10	1557	1773	159	369	3.54e-24	102
COL_SA_mg_mt_21384_114842-117226	ENA|CAG7612942|CAG7612942.1	73.246	228	43	14	1515	1736	99	314	1.31e-13	67.6
COL_SA_mg_mt_12951_3625-5973	ENA|CAG7612942|CAG7612942.1	79.755	163	22	9	1542	1700	159	314	7.58e-26	108
COL_SA_mg_mt_9808_3887-4882	ENA|CAB3788263|CAB3788263.1	94.118	34	2	0	147	180	90	123	1.52e-09	52.8
COL_SA_mg_mt_251199_2967-3926	ENA|CAG7612942|CAG7612942.1	71.711	304	71	12	77	374	71	365	4.03e-15	71.3
COL_SA_mg_mt_181964_17302-18249	ENA|CAG7612942|CAG7612942.1	74.815	270	54	11	121	383	118	380	8.43e-27	110
COL_SA_mg_mt_95294_639-3017	ENA|MEY9316017|MEY9316017.1	86.667	30	4	0	2321	2350	908	937	0.001	34.4
COL_SA_mg_mt_9734_41356-42327	ENA|MEY9316017|MEY9316017.1	88.372	43	5	0	358	400	355	397	1.48e-09	52.8
COL_SA_mg_mt_3857_328394-329347	ENA|AAA68938|AAA68938.2	79.000	100	13	7	297	395	298	390	2.41e-12	62.1
COL_SA_mg_mt_186406_111588-112556	ENA|CAG7612942|CAG7612942.1	75.706	177	39	4	761	935	725	899	1.45e-19	86.1
COL_SA_mg_mt_109713_230-1225	ENA|CAD5105989|CAD5105989.1	76.636	107	21	4	118	222	55	159	1.17e-10	56.5
COL_SA_mg_mt_11173_31956-33044	ENA|MDH6194915|MDH6194915.1	72.989	174	41	6	237	407	81	251	1.28e-10	56.5
COL_SA_mg_mt_311298_2-259	ENA|CAG7612942|CAG7612942.1	84.615	52	6	2	112	162	790	840	1.36e-09	51.0
COL_SA_mg_mt_58581_19122-20102	ENA|MEY9316017|MEY9316017.1	83.824	68	11	0	821	888	806	873	1.92e-13	65.8
COL_SA_mg_mt_15495_11978-14320	ENA|CAG7612942|CAG7612942.1	73.529	204	42	10	1536	1736	159	353	1.28e-13	67.6
COL_SA_mg_mt_2342_27972-28964	ENA|PMS26921|PMS26921.1	78.947	76	12	3	146	219	86	159	1.95e-08	49.1
COL_SA_mg_mt_9162_9710-10951	ENA|CAG7612942|CAG7612942.1	78.750	80	15	2	594	672	291	369	1.90e-09	52.8
COL_SA_mg_mt_85343_115-564	ENA|MEY9316017|MEY9316017.1	80.952	63	8	4	298	358	814	874	3.13e-08	47.3
COL_SA_mg_mt_9713_7721-8575	ENA|QFU99565|QFU99565.1	90.000	20	2	0	620	639	575	594	0.079	27.0
COL_SA_mg_mt_4356_211136-212095	ENA|CAG7612942|CAG7612942.1	71.711	304	71	12	77	374	71	365	4.03e-15	71.3
COL_SA_mg_mt_20888_78338-79291	ENA|AAA68938|AAA68938.2	79.208	101	11	9	298	396	299	391	2.41e-12	62.1
COL_SA_mg_mt_265295_3937-4854	ENA|AAA68938|AAA68938.2	85.366	41	6	0	357	397	336	376	8.39e-07	43.6
COL_SA_mg_mt_269823_28272-30623	ENA|CAG7612942|CAG7612942.1	76.623	231	36	14	1537	1761	151	369	5.87e-27	111
COL_SA_mg_mt_17395_63151-64098	ENA|CAG7612942|CAG7612942.1	74.815	270	54	11	121	383	118	380	8.43e-27	110
