COL_SA_mg_mt_2342_27972-28964	yti:FNA67_00260	45.6	316	162	6	19	329	10	320	5.30e-89	263
COL_SA_mg_mt_2342_27972-28964	ccup:BKK81_20595	44.9	316	167	4	20	330	5	318	5.48e-88	261
COL_SA_mg_mt_2342_27972-28964	cbw:RR42_s1575	44.2	321	166	6	20	330	5	322	6.22e-88	261
COL_SA_mg_mt_2342_27972-28964	deq:XM25_18610	45.3	316	163	6	19	329	10	320	1.21e-87	260
COL_SA_mg_mt_2342_27972-28964	cuh:BJN34_24895	44.3	316	169	5	20	330	5	318	1.55e-87	259
COL_SA_mg_mt_2342_27972-28964	cup:BKK80_21285	44.6	316	168	4	20	330	5	318	1.55e-87	259
COL_SA_mg_mt_2342_27972-28964	cuu:BKK79_26500	44.6	316	168	4	20	330	5	318	1.55e-87	259
COL_SA_mg_mt_2342_27972-28964	ccam:M5D45_27255	45.0	318	164	6	20	330	5	318	1.55e-87	259
COL_SA_mg_mt_2342_27972-28964	cnc:CNE_2c06820	44.0	316	170	5	20	330	5	318	2.20e-87	259
COL_SA_mg_mt_2342_27972-28964	cuk:KB879_21125	44.0	316	170	5	20	330	5	318	2.20e-87	259
COL_SA_mg_mt_2342_27972-28964	cox:E0W60_20470	43.8	320	169	6	20	330	5	322	7.06e-87	258
COL_SA_mg_mt_2342_27972-28964	rhol:RBJ75_26355	46.4	317	158	7	23	330	12	325	1.10e-86	258
COL_SA_mg_mt_2342_27972-28964	cbw:RR42_m2771	44.6	314	171	3	20	330	5	318	2.50e-86	256
COL_SA_mg_mt_2342_27972-28964	ppai:E1956_36270	43.4	318	169	6	20	330	6	319	5.16e-86	256
COL_SA_mg_mt_2342_27972-28964	aace:A0U92_13920	45.5	312	164	5	24	330	5	315	6.44e-86	255
COL_SA_mg_mt_2342_27972-28964	reu:Reut_B5777	44.6	314	164	6	22	330	12	320	2.13e-85	254
COL_SA_mg_mt_2342_27972-28964	ccup:BKK81_29830	45.5	321	162	8	20	330	5	322	3.21e-85	254
COL_SA_mg_mt_2342_27972-28964	cup:BKK80_26525	45.5	321	162	8	20	330	5	322	3.21e-85	254
COL_SA_mg_mt_2342_27972-28964	cuu:BKK79_32410	45.2	321	163	8	20	330	5	322	4.54e-85	253
COL_SA_mg_mt_2342_27972-28964	aak:AA2016_5653	43.7	316	168	6	19	329	10	320	6.23e-85	253
COL_SA_mg_mt_2342_27972-28964	amis:Amn_pa01550	43.7	316	168	6	19	329	10	320	6.23e-85	253
COL_SA_mg_mt_2342_27972-28964	amio:N7E70_029725	43.7	316	168	6	19	329	10	320	8.81e-85	253
COL_SA_mg_mt_2342_27972-28964	reu:Reut_B4797	44.2	319	167	7	21	330	6	322	9.09e-85	253
COL_SA_mg_mt_2342_27972-28964	rhor:ONR75_23650	42.0	319	174	5	20	330	7	322	9.09e-85	253
COL_SA_mg_mt_2342_27972-28964	pbon:QS306_14170	43.7	318	167	7	21	330	3	316	3.02e-84	251
COL_SA_mg_mt_3857_328394-329347	pbab:AAEO81_15985	54.7	320	141	3	1	317	1	319	1.40e-113	325
COL_SA_mg_mt_3857_328394-329347	snap:PQ455_15845	45.3	311	162	7	11	317	8	314	2.79e-75	228
COL_SA_mg_mt_3857_328394-329347	cenp:M9799_09940	44.8	315	166	6	8	317	10	321	3.88e-74	225
COL_SA_mg_mt_3857_328394-329347	aay:WYH_03339	41.7	312	178	4	8	317	1	310	3.15e-73	222
COL_SA_mg_mt_3857_328394-329347	pacs:FAZ98_16390	45.3	298	153	4	19	307	22	318	1.10e-72	221
COL_SA_mg_mt_3857_328394-329347	bfz:BAU07_13835	43.3	321	172	6	1	317	1	315	2.06e-72	220
COL_SA_mg_mt_3857_328394-329347	bpdz:BBN53_03795	43.8	320	174	5	1	317	1	317	2.19e-72	220
COL_SA_mg_mt_3857_328394-329347	bgp:BGL_2c01180	46.8	293	150	4	19	307	18	308	4.63e-72	219
COL_SA_mg_mt_3857_328394-329347	cman:A9D14_14475	41.0	312	180	4	8	317	1	310	5.01e-72	219
COL_SA_mg_mt_3857_328394-329347	bdg:LPJ38_20665	42.2	320	177	6	3	317	2	318	1.27e-71	218
COL_SA_mg_mt_3857_328394-329347	bpla:bpln_2g01180	46.8	293	150	4	19	307	18	308	1.84e-71	218
COL_SA_mg_mt_3857_328394-329347	bbro:BAU06_03630	42.6	317	174	5	5	317	4	316	6.73e-71	216
COL_SA_mg_mt_3857_328394-329347	brk:CWS35_19805	44.3	307	160	6	17	315	20	323	1.17e-70	216
COL_SA_mg_mt_3857_328394-329347	sbd:ATN00_07600	41.8	316	172	5	8	317	1	310	1.26e-69	213
COL_SA_mg_mt_3857_328394-329347	bgk:IC762_13675	42.3	317	174	5	8	317	6	320	2.39e-69	213
COL_SA_mg_mt_3857_328394-329347	hfr:G5S34_07830	43.3	307	171	2	1	307	1	304	2.92e-69	212
COL_SA_mg_mt_3857_328394-329347	sbin:SBA_ch1_21300	40.8	314	178	5	8	317	1	310	3.56e-69	212
COL_SA_mg_mt_3857_328394-329347	hrb:Hrubri_1309	42.7	307	173	2	1	307	1	304	4.12e-69	212
COL_SA_mg_mt_3857_328394-329347	saap:E2E30_04355	40.3	320	171	6	8	317	1	310	5.03e-69	211
COL_SA_mg_mt_3857_328394-329347	hpeg:EAO82_07115	43.3	291	154	4	3	290	4	286	5.65e-69	211
COL_SA_mg_mt_3857_328394-329347	axe:P40_21510	41.3	315	177	5	8	317	15	326	8.01e-69	211
COL_SA_mg_mt_3857_328394-329347	rmn:TK49_17075	42.5	308	172	4	3	307	2	307	1.27e-68	211
COL_SA_mg_mt_3857_328394-329347	cpau:EHF44_27450	42.2	308	173	4	3	307	2	307	1.27e-68	211
COL_SA_mg_mt_3857_328394-329347	ssan:NX02_22630	42.6	303	166	5	19	317	8	306	1.78e-68	210
COL_SA_mg_mt_3857_328394-329347	bhz:ACR54_03867	41.6	317	177	6	4	317	7	318	2.53e-68	210
COL_SA_mg_mt_4356_211136-212095	snos:K8P63_05730	46.3	315	160	4	12	319	8	320	2.14e-82	246
COL_SA_mg_mt_4356_211136-212095	bbra:QA636_27060	44.7	302	162	4	21	319	22	321	3.54e-81	243
COL_SA_mg_mt_4356_211136-212095	rhmm:ISO16_14740	46.1	297	154	5	27	319	1	295	4.49e-81	242
COL_SA_mg_mt_4356_211136-212095	rhdm:HFP48_25090	46.1	297	154	5	27	319	1	295	6.35e-81	241
COL_SA_mg_mt_4356_211136-212095	bel:BE61_64930	44.0	302	164	4	21	319	22	321	4.53e-79	238
COL_SA_mg_mt_4356_211136-212095	bgm:CAL15_17825	42.8	313	172	3	12	318	1	312	1.01e-78	236
COL_SA_mg_mt_4356_211136-212095	hyb:Q5W_01280	44.7	311	166	4	12	319	6	313	1.42e-78	236
COL_SA_mg_mt_4356_211136-212095	hyy:JNX00_19840	46.6	313	161	4	12	319	7	318	1.65e-78	236
COL_SA_mg_mt_4356_211136-212095	bpah:QA639_17950	44.6	289	155	4	34	319	30	316	4.40e-78	235
COL_SA_mg_mt_4356_211136-212095	reu:Reut_B3579	42.9	310	175	2	12	319	9	318	6.62e-78	234
COL_SA_mg_mt_4356_211136-212095	rmn:TK49_17075	43.5	310	173	2	12	319	9	318	3.74e-77	233
COL_SA_mg_mt_4356_211136-212095	bqb:J4P68_0033845	45.4	293	151	5	34	319	30	320	3.97e-77	233
COL_SA_mg_mt_4356_211136-212095	cid:P73_2874	45.1	315	163	5	12	319	21	332	4.02e-77	233
COL_SA_mg_mt_4356_211136-212095	rwe:KOL96_07595	42.9	310	175	2	12	319	7	316	9.94e-77	231
COL_SA_mg_mt_4356_211136-212095	reu:Reut_B4797	45.3	316	163	5	12	319	9	322	1.19e-76	231
COL_SA_mg_mt_4356_211136-212095	brk:CWS35_19805	43.1	304	166	4	21	319	22	323	1.23e-76	231
COL_SA_mg_mt_4356_211136-212095	cti:RALTA_B0575	42.6	310	176	2	12	319	9	318	2.11e-76	231
COL_SA_mg_mt_4356_211136-212095	vpd:VAPA_2c09730	43.2	310	171	4	11	319	17	322	2.38e-76	231
COL_SA_mg_mt_4356_211136-212095	rhol:RBJ75_26355	42.7	321	173	5	6	319	9	325	2.60e-76	231
COL_SA_mg_mt_4356_211136-212095	ccam:M5D45_27255	41.9	310	178	2	12	319	9	318	2.98e-76	230
COL_SA_mg_mt_4356_211136-212095	rpi:Rpic_4500	42.9	310	175	2	12	319	7	316	3.97e-76	230
COL_SA_mg_mt_4356_211136-212095	rpf:Rpic12D_4632	42.9	310	175	2	12	319	7	316	3.97e-76	230
COL_SA_mg_mt_4356_211136-212095	rin:ACS15_4618	43.2	301	169	2	21	319	8	308	8.81e-76	229
COL_SA_mg_mt_4356_211136-212095	hyn:F9K07_30140	43.2	292	159	4	33	319	24	313	1.45e-75	228
COL_SA_mg_mt_4356_211136-212095	hyn:F9K07_30190	43.2	292	159	4	33	319	24	313	1.45e-75	228
COL_SA_mg_mt_9162_9710-10951	rhmm:ISO16_14740	47.2	290	147	5	130	413	6	295	2.02e-81	246
COL_SA_mg_mt_9162_9710-10951	mms:mma_2506	37.5	325	172	6	112	413	11	327	2.74e-60	192
COL_SA_mg_mt_9162_9710-10951	asw:CVS48_25005	38.6	319	184	7	103	413	2	316	1.69e-58	187
COL_SA_mg_mt_9162_9710-10951	aace:A0U92_13920	38.9	303	174	6	119	413	16	315	6.40e-58	186
COL_SA_mg_mt_9162_9710-10951	pbon:QS306_14170	40.8	292	162	5	131	413	27	316	1.82e-57	185
COL_SA_mg_mt_9162_9710-10951	hyb:Q5W_01280	38.9	316	179	7	107	413	3	313	2.36e-57	184
COL_SA_mg_mt_9162_9710-10951	bcen:DM39_1986	39.9	301	166	8	126	413	23	321	4.12e-57	184
COL_SA_mg_mt_9162_9710-10951	braa:NL528_11735	37.4	318	182	7	109	413	7	320	2.19e-56	182
COL_SA_mg_mt_9162_9710-10951	cbw:RR42_s1575	39.3	290	163	6	135	413	35	322	2.31e-56	182
COL_SA_mg_mt_9162_9710-10951	cpis:HS961_04225	39.6	313	173	9	115	413	9	319	2.99e-56	182
COL_SA_mg_mt_9162_9710-10951	hyn:F9K07_30140	37.2	304	180	7	119	413	12	313	7.04e-56	181
COL_SA_mg_mt_9162_9710-10951	hyn:F9K07_30190	37.2	304	180	7	119	413	12	313	7.04e-56	181
COL_SA_mg_mt_9162_9710-10951	hyn:F9K07_30240	37.2	304	180	7	119	413	12	313	7.04e-56	181
COL_SA_mg_mt_9162_9710-10951	hyn:F9K07_30385	37.2	304	180	7	119	413	12	313	7.04e-56	181
COL_SA_mg_mt_9162_9710-10951	hyn:F9K07_30435	37.2	304	180	7	119	413	12	313	7.04e-56	181
COL_SA_mg_mt_9162_9710-10951	hyb:Q5W_24670	40.7	305	170	7	119	412	17	321	4.89e-55	179
COL_SA_mg_mt_9162_9710-10951	afa:UZ73_13830	39.9	306	165	9	125	413	21	324	7.23e-55	178
COL_SA_mg_mt_9162_9710-10951	cox:E0W60_20470	39.3	295	166	7	130	413	30	322	9.62e-55	178
COL_SA_mg_mt_9162_9710-10951	ppai:E1956_36270	40.2	291	164	6	131	413	31	319	2.45e-54	177
COL_SA_mg_mt_9162_9710-10951	pol:Bpro_3680	38.1	312	179	7	115	413	9	319	4.83e-54	176
COL_SA_mg_mt_9162_9710-10951	bfz:BAU07_13835	40.5	299	160	7	126	413	24	315	8.55e-54	175
COL_SA_mg_mt_9162_9710-10951	hyda:ABSY19_17160	39.9	323	177	9	106	412	1	322	1.06e-53	175
COL_SA_mg_mt_9162_9710-10951	bbra:QA636_27060	39.3	298	166	9	126	413	29	321	2.76e-53	174
COL_SA_mg_mt_9162_9710-10951	hcz:G9Q37_00975	39.0	305	175	7	119	412	17	321	2.84e-53	174
COL_SA_mg_mt_9162_9710-10951	cenp:M9799_18545	40.7	317	167	9	115	412	10	324	6.03e-53	173
COL_SA_mg_mt_9713_7721-8575	rhz:RHPLAN_44340	33.0	194	124	3	53	245	49	237	2.57e-27	102
COL_SA_mg_mt_9713_7721-8575	vpd:VAPA_2c09730	36.3	179	106	5	42	218	35	207	4.58e-21	84.7
COL_SA_mg_mt_9734_41356-42327	cox:E0W60_08555	41.5	325	181	4	1	323	1	318	6.53e-82	245
COL_SA_mg_mt_9734_41356-42327	cupp:CTP10_R39540	41.2	325	182	4	1	323	1	318	9.24e-82	244
COL_SA_mg_mt_9734_41356-42327	reu:Reut_B3579	40.9	313	182	3	13	323	7	318	5.23e-81	243
COL_SA_mg_mt_9734_41356-42327	cnan:A2G96_23660	41.2	325	182	4	1	323	1	318	1.05e-80	242
COL_SA_mg_mt_9734_41356-42327	rpj:N234_24525	41.2	325	182	4	1	323	1	318	5.92e-80	240
COL_SA_mg_mt_9734_41356-42327	cbw:RR42_s1575	43.3	321	173	5	10	323	4	322	9.45e-80	239
COL_SA_mg_mt_9734_41356-42327	rhmm:ISO16_14740	41.9	298	166	5	30	323	1	295	1.17e-79	238
COL_SA_mg_mt_9734_41356-42327	cti:RALTA_B0575	40.6	325	184	4	1	323	1	318	1.67e-79	239
COL_SA_mg_mt_9734_41356-42327	reh:H16_B0739	40.3	325	185	4	1	323	1	318	3.35e-79	238
COL_SA_mg_mt_9734_41356-42327	rhdm:HFP48_25090	41.6	298	167	5	30	323	1	295	4.67e-79	237
COL_SA_mg_mt_9734_41356-42327	brk:CWS35_19805	42.6	305	169	3	23	323	21	323	5.51e-79	238
COL_SA_mg_mt_9734_41356-42327	bdg:LPJ38_20665	42.9	317	175	4	11	323	4	318	1.34e-78	236
COL_SA_mg_mt_9734_41356-42327	rhol:RBJ75_26355	43.3	314	170	4	16	323	14	325	9.34e-78	234
COL_SA_mg_mt_9734_41356-42327	aak:AA2016_5653	41.1	319	177	7	9	322	8	320	1.65e-77	234
COL_SA_mg_mt_9734_41356-42327	cox:E0W60_20470	42.7	321	175	5	10	323	4	322	6.81e-77	232
COL_SA_mg_mt_9734_41356-42327	amis:Amn_pa01550	41.8	306	168	6	21	322	21	320	9.34e-77	232
COL_SA_mg_mt_9734_41356-42327	amio:N7E70_029725	41.8	306	168	6	21	322	21	320	9.34e-77	232
COL_SA_mg_mt_9734_41356-42327	pig:EGT29_19400	40.2	316	186	3	10	323	4	318	1.21e-76	231
COL_SA_mg_mt_9734_41356-42327	pig:EGT29_10560	39.6	316	188	3	10	323	4	318	3.41e-76	230
COL_SA_mg_mt_9734_41356-42327	yti:FNA67_00260	41.6	303	173	3	21	322	21	320	3.73e-76	230
COL_SA_mg_mt_9734_41356-42327	pig:EGT29_23160	42.9	310	167	5	23	323	16	324	5.76e-76	230
COL_SA_mg_mt_9734_41356-42327	rhor:ONR75_23650	42.4	314	172	5	16	323	12	322	1.08e-75	229
COL_SA_mg_mt_9734_41356-42327	con:TQ29_05730	42.3	312	173	5	16	323	9	317	1.86e-75	228
COL_SA_mg_mt_9734_41356-42327	bbra:QA636_27060	40.2	321	185	4	5	323	6	321	2.97e-75	228
COL_SA_mg_mt_9734_41356-42327	buu:WS70_13205	41.0	317	181	4	11	323	5	319	3.96e-75	228
COL_SA_mg_mt_9808_3887-4882	ccup:BKK81_20595	45.6	316	165	4	21	331	5	318	1.41e-88	262
COL_SA_mg_mt_9808_3887-4882	cup:BKK80_21285	45.6	316	165	4	21	331	5	318	1.41e-88	262
COL_SA_mg_mt_9808_3887-4882	cuu:BKK79_26500	45.6	316	165	4	21	331	5	318	1.41e-88	262
COL_SA_mg_mt_9808_3887-4882	ccam:M5D45_27255	46.5	318	159	6	21	331	5	318	1.61e-87	259
COL_SA_mg_mt_9808_3887-4882	rpj:N234_24525	46.5	318	159	6	21	331	5	318	2.27e-87	259
COL_SA_mg_mt_9808_3887-4882	cuh:BJN34_24895	46.2	318	160	6	21	331	5	318	2.27e-87	259
COL_SA_mg_mt_9808_3887-4882	cnc:CNE_2c06820	45.9	318	161	6	21	331	5	318	3.22e-87	259
COL_SA_mg_mt_9808_3887-4882	reu:Reut_B3579	45.9	316	164	4	21	331	5	318	3.22e-87	259
COL_SA_mg_mt_9808_3887-4882	cuk:KB879_21125	45.9	318	161	6	21	331	5	318	3.22e-87	259
COL_SA_mg_mt_9808_3887-4882	cpau:EHF44_27450	46.2	318	160	6	21	331	5	318	4.55e-87	258
COL_SA_mg_mt_9808_3887-4882	yti:FNA67_00260	45.3	316	163	6	20	330	10	320	7.08e-87	258
COL_SA_mg_mt_9808_3887-4882	cbw:RR42_s1575	45.3	322	161	6	21	331	5	322	7.30e-87	258
COL_SA_mg_mt_9808_3887-4882	reh:H16_B0739	45.9	318	161	6	21	331	5	318	1.29e-86	257
COL_SA_mg_mt_9808_3887-4882	bpdz:BBN53_03795	46.7	317	164	4	18	331	3	317	3.54e-86	256
COL_SA_mg_mt_9808_3887-4882	cti:RALTA_B0575	45.9	318	161	6	21	331	5	318	3.66e-86	256
COL_SA_mg_mt_9808_3887-4882	cnan:A2G96_23660	45.6	318	162	6	21	331	5	318	3.66e-86	256
COL_SA_mg_mt_9808_3887-4882	deq:XM25_18610	44.6	316	165	6	20	330	10	320	4.55e-85	253
COL_SA_mg_mt_9808_3887-4882	cox:E0W60_08555	45.3	318	163	6	21	331	5	318	5.87e-85	253
COL_SA_mg_mt_9808_3887-4882	cupp:CTP10_R39540	45.0	318	164	6	21	331	5	318	5.87e-85	253
COL_SA_mg_mt_9808_3887-4882	aace:A0U92_13920	46.0	311	162	5	26	331	6	315	7.56e-85	253
COL_SA_mg_mt_9808_3887-4882	rhol:RBJ75_26355	47.0	317	156	7	24	331	12	325	1.46e-84	252
COL_SA_mg_mt_9808_3887-4882	boj:CBF45_01150	44.8	324	167	7	20	331	4	327	6.21e-84	251
COL_SA_mg_mt_9808_3887-4882	kgy:EHF36_01335	44.8	324	167	7	20	331	4	327	6.21e-84	251
COL_SA_mg_mt_9808_3887-4882	rwe:KOL96_07595	44.1	311	167	4	26	331	8	316	1.77e-83	249
COL_SA_mg_mt_9808_3887-4882	cbw:RR42_m2771	44.9	316	167	4	21	331	5	318	2.66e-83	249
COL_SA_mg_mt_11173_31956-33044	rhdm:HFP48_25090	43.8	297	156	6	75	362	1	295	1.31e-68	211
COL_SA_mg_mt_11173_31956-33044	rhmm:ISO16_14740	43.8	297	156	6	75	362	1	295	1.31e-68	211
COL_SA_mg_mt_11173_31956-33044	cbw:RR42_m2771	43.1	299	161	6	72	362	21	318	3.65e-68	211
COL_SA_mg_mt_11173_31956-33044	reu:Reut_B3579	42.1	299	164	6	72	362	21	318	1.14e-66	207
COL_SA_mg_mt_11173_31956-33044	cnan:A2G96_23660	42.0	300	163	7	72	362	21	318	1.26e-65	204
COL_SA_mg_mt_11173_31956-33044	cti:RALTA_B0575	41.5	299	166	6	72	362	21	318	9.89e-65	202
COL_SA_mg_mt_11173_31956-33044	cox:E0W60_08555	40.8	299	168	6	72	362	21	318	9.89e-65	202
COL_SA_mg_mt_11173_31956-33044	cuh:BJN34_24895	41.1	299	167	6	72	362	21	318	1.39e-64	202
COL_SA_mg_mt_11173_31956-33044	ccam:M5D45_27255	40.9	298	169	4	72	362	21	318	1.39e-64	202
COL_SA_mg_mt_11173_31956-33044	cupp:CTP10_R39540	40.5	299	169	6	72	362	21	318	1.96e-64	201
COL_SA_mg_mt_11173_31956-33044	rwe:KOL96_07595	40.6	298	170	4	72	362	19	316	2.62e-64	201
COL_SA_mg_mt_11173_31956-33044	cid:P73_2874	41.7	300	166	6	72	362	33	332	2.91e-64	201
COL_SA_mg_mt_11173_31956-33044	rmn:TK49_17075	40.9	298	169	4	72	362	21	318	3.90e-64	201
COL_SA_mg_mt_11173_31956-33044	cpau:EHF44_27450	40.8	299	168	6	72	362	21	318	3.90e-64	201
COL_SA_mg_mt_11173_31956-33044	rin:ACS15_4618	40.9	298	169	4	72	362	11	308	4.14e-64	200
COL_SA_mg_mt_11173_31956-33044	rpi:Rpic_4500	40.6	298	170	4	72	362	19	316	7.33e-64	200
COL_SA_mg_mt_11173_31956-33044	rpf:Rpic12D_4632	40.6	298	170	4	72	362	19	316	7.33e-64	200
COL_SA_mg_mt_11173_31956-33044	rpj:N234_24525	41.1	299	167	6	72	362	21	318	6.07e-63	197
COL_SA_mg_mt_11173_31956-33044	reh:H16_B0739	40.5	299	169	6	72	362	21	318	6.07e-63	197
COL_SA_mg_mt_11173_31956-33044	cnc:CNE_2c06820	40.5	299	169	6	72	362	21	318	6.07e-63	197
COL_SA_mg_mt_11173_31956-33044	cuk:KB879_21125	40.5	299	169	6	72	362	21	318	6.07e-63	197
COL_SA_mg_mt_11173_31956-33044	reu:Reut_B5777	39.6	298	172	6	71	362	25	320	7.78e-61	192
COL_SA_mg_mt_11173_31956-33044	cbw:RR42_s1575	39.9	291	161	7	84	362	34	322	1.16e-60	192
COL_SA_mg_mt_11173_31956-33044	ccup:BKK81_29830	40.3	293	157	7	84	362	34	322	3.23e-60	191
COL_SA_mg_mt_11173_31956-33044	cup:BKK80_26525	40.3	293	157	7	84	362	34	322	3.23e-60	191
COL_SA_mg_mt_12951_3625-5973	reu:Reut_B3579	44.1	315	171	5	469	782	8	318	1.40e-74	239
COL_SA_mg_mt_12951_3625-5973	rpj:N234_24525	44.5	319	164	6	469	782	8	318	2.72e-74	238
COL_SA_mg_mt_12951_3625-5973	cti:RALTA_B0575	44.2	319	165	6	469	782	8	318	3.78e-74	238
COL_SA_mg_mt_12951_3625-5973	cbw:RR42_m2771	44.2	326	167	7	462	782	3	318	5.27e-74	237
COL_SA_mg_mt_12951_3625-5973	cox:E0W60_08555	44.2	319	165	6	469	782	8	318	7.35e-74	237
COL_SA_mg_mt_12951_3625-5973	rmn:TK49_17075	43.5	315	173	5	469	782	8	318	1.02e-73	236
COL_SA_mg_mt_12951_3625-5973	cnc:CNE_2c06820	44.5	319	164	6	469	782	8	318	1.02e-73	236
COL_SA_mg_mt_12951_3625-5973	cuk:KB879_21125	44.5	319	164	6	469	782	8	318	1.02e-73	236
COL_SA_mg_mt_12951_3625-5973	cuh:BJN34_24895	44.2	319	165	6	469	782	8	318	1.99e-73	236
COL_SA_mg_mt_12951_3625-5973	cupp:CTP10_R39540	43.9	319	166	6	469	782	8	318	5.37e-73	234
COL_SA_mg_mt_12951_3625-5973	cpau:EHF44_27450	43.5	315	173	5	469	782	8	318	7.48e-73	234
COL_SA_mg_mt_12951_3625-5973	reh:H16_B0739	43.9	319	166	6	469	782	8	318	1.45e-72	233
COL_SA_mg_mt_12951_3625-5973	cnan:A2G96_23660	43.6	319	167	6	469	782	8	318	2.81e-72	233
COL_SA_mg_mt_12951_3625-5973	ccam:M5D45_27255	43.2	315	174	5	469	782	8	318	1.06e-71	231
COL_SA_mg_mt_12951_3625-5973	rpi:Rpic_4500	43.3	305	168	5	479	782	16	316	1.40e-70	228
COL_SA_mg_mt_12951_3625-5973	rpf:Rpic12D_4632	43.3	305	168	5	479	782	16	316	1.40e-70	228
COL_SA_mg_mt_12951_3625-5973	hyb:Q5W_01280	43.3	305	166	5	479	782	15	313	1.78e-70	228
COL_SA_mg_mt_12951_3625-5973	rwe:KOL96_07595	43.0	305	169	5	479	782	16	316	3.77e-70	227
COL_SA_mg_mt_12951_3625-5973	cup:BKK80_21285	42.5	315	176	5	469	782	8	318	5.56e-70	226
COL_SA_mg_mt_12951_3625-5973	cuu:BKK79_26500	42.5	315	176	5	469	782	8	318	5.56e-70	226
COL_SA_mg_mt_12951_3625-5973	ccup:BKK81_20595	42.2	315	177	5	469	782	8	318	7.74e-70	226
COL_SA_mg_mt_12951_3625-5973	rin:ACS15_4618	43.3	305	168	5	479	782	8	308	2.14e-69	224
COL_SA_mg_mt_12951_3625-5973	ptro:G5S35_25095	42.6	305	171	4	479	782	31	332	1.68e-68	223
COL_SA_mg_mt_12951_3625-5973	aay:WYH_01862	43.9	301	158	6	486	782	23	316	1.41e-66	217
COL_SA_mg_mt_12951_3625-5973	yti:FNA67_00260	43.1	304	166	5	470	772	15	312	4.37e-66	216
COL_SA_mg_mt_15495_11978-14320	rmn:TK49_17075	45.1	315	168	5	467	780	8	318	3.30e-86	270
COL_SA_mg_mt_15495_11978-14320	cox:E0W60_08555	44.4	315	170	5	467	780	8	318	1.95e-83	262
COL_SA_mg_mt_15495_11978-14320	rpi:Rpic_4500	43.9	314	171	5	468	780	7	316	4.99e-83	261
COL_SA_mg_mt_15495_11978-14320	rpf:Rpic12D_4632	43.9	314	171	5	468	780	7	316	4.99e-83	261
COL_SA_mg_mt_15495_11978-14320	rpj:N234_24525	44.4	315	170	5	467	780	8	318	5.32e-83	261
COL_SA_mg_mt_15495_11978-14320	cupp:CTP10_R39540	44.1	315	171	5	467	780	8	318	5.32e-83	261
COL_SA_mg_mt_15495_11978-14320	rwe:KOL96_07595	43.6	314	172	5	468	780	7	316	1.37e-82	260
COL_SA_mg_mt_15495_11978-14320	cnc:CNE_2c06820	44.4	315	170	5	467	780	8	318	1.45e-82	260
COL_SA_mg_mt_15495_11978-14320	cuk:KB879_21125	44.4	315	170	5	467	780	8	318	1.45e-82	260
COL_SA_mg_mt_15495_11978-14320	cnan:A2G96_23660	43.5	315	173	5	467	780	8	318	2.84e-82	259
COL_SA_mg_mt_15495_11978-14320	cti:RALTA_B0575	44.1	315	171	5	467	780	8	318	3.97e-82	259
COL_SA_mg_mt_15495_11978-14320	cuh:BJN34_24895	44.1	315	171	5	467	780	8	318	5.55e-82	258
COL_SA_mg_mt_15495_11978-14320	cbw:RR42_m2771	44.5	319	164	6	467	780	8	318	5.55e-82	258
COL_SA_mg_mt_15495_11978-14320	reh:H16_B0739	43.8	315	172	5	467	780	8	318	4.14e-81	256
COL_SA_mg_mt_15495_11978-14320	rin:ACS15_4618	43.6	305	167	5	477	780	8	308	2.33e-79	251
COL_SA_mg_mt_15495_11978-14320	cup:BKK80_21285	41.7	319	173	6	467	780	8	318	3.30e-78	248
COL_SA_mg_mt_15495_11978-14320	cuu:BKK79_26500	41.7	319	173	6	467	780	8	318	3.30e-78	248
COL_SA_mg_mt_15495_11978-14320	ccup:BKK81_20595	41.4	319	174	6	467	780	8	318	4.60e-78	248
COL_SA_mg_mt_15495_11978-14320	hyb:Q5W_01280	42.9	315	173	5	467	780	5	313	2.09e-77	246
COL_SA_mg_mt_15495_11978-14320	pnr:AT302_01050	41.7	319	176	5	469	780	9	324	8.36e-75	239
COL_SA_mg_mt_15495_11978-14320	bge:BC1002_4697	39.7	317	181	6	467	780	10	319	2.71e-74	238
COL_SA_mg_mt_15495_11978-14320	pspw:BJG93_04570	39.4	317	182	6	467	780	9	318	3.80e-72	232
COL_SA_mg_mt_15495_11978-14320	pre:PCA10_15680	39.2	316	185	6	467	780	8	318	1.98e-71	230
COL_SA_mg_mt_15495_11978-14320	sthm:IS481_17575	40.8	314	177	6	470	780	13	320	5.68e-71	229
COL_SA_mg_mt_15495_11978-14320	aay:WYH_01862	40.6	315	180	4	468	780	7	316	7.01e-71	229
COL_SA_mg_mt_17395_63151-64098	reu:Reut_B4797	43.0	314	167	8	12	314	9	321	1.18e-75	229
COL_SA_mg_mt_17395_63151-64098	thk:CCZ27_15675	43.6	314	163	9	13	314	10	321	2.11e-73	223
COL_SA_mg_mt_17395_63151-64098	smio:CATMQ487_34520	41.4	331	165	9	12	314	8	337	3.37e-73	223
COL_SA_mg_mt_17395_63151-64098	rmn:TK49_17075	43.5	313	171	6	8	314	5	317	1.49e-72	221
COL_SA_mg_mt_17395_63151-64098	rwe:KOL96_07595	43.4	309	169	6	12	314	7	315	5.61e-72	219
COL_SA_mg_mt_17395_63151-64098	rpi:Rpic_4500	43.4	309	169	6	12	314	7	315	7.92e-72	219
COL_SA_mg_mt_17395_63151-64098	rpf:Rpic12D_4632	43.4	309	169	6	12	314	7	315	7.92e-72	219
COL_SA_mg_mt_17395_63151-64098	cuu:BKK79_32410	41.4	314	172	8	12	314	9	321	1.34e-71	218
COL_SA_mg_mt_17395_63151-64098	ccup:BKK81_29830	41.1	314	173	8	12	314	9	321	1.89e-71	218
COL_SA_mg_mt_17395_63151-64098	cup:BKK80_26525	41.1	314	173	8	12	314	9	321	1.89e-71	218
COL_SA_mg_mt_17395_63151-64098	ccup:BKK81_20595	44.0	309	167	6	12	314	9	317	3.35e-71	217
COL_SA_mg_mt_17395_63151-64098	con:TQ29_05730	43.4	316	169	8	7	314	3	316	4.59e-71	217
COL_SA_mg_mt_17395_63151-64098	cup:BKK80_21285	44.0	309	167	6	12	314	9	317	6.68e-71	216
COL_SA_mg_mt_17395_63151-64098	cuu:BKK79_26500	44.0	309	167	6	12	314	9	317	6.68e-71	216
COL_SA_mg_mt_17395_63151-64098	rhdm:HFP48_25090	44.5	292	155	6	29	314	4	294	1.35e-70	215
COL_SA_mg_mt_17395_63151-64098	rhmm:ISO16_14740	44.5	292	155	6	29	314	4	294	1.35e-70	215
COL_SA_mg_mt_17395_63151-64098	hyb:Q5W_01280	42.5	308	171	6	12	314	6	312	2.30e-70	215
COL_SA_mg_mt_17395_63151-64098	cbw:RR42_m2771	43.4	309	169	6	12	314	9	317	2.66e-70	215
COL_SA_mg_mt_17395_63151-64098	cbw:RR42_s1575	41.1	314	173	8	12	314	9	321	2.99e-70	215
COL_SA_mg_mt_17395_63151-64098	buu:WS70_13205	42.9	310	168	8	13	314	10	318	5.47e-70	214
COL_SA_mg_mt_17395_63151-64098	bgm:CAL15_17825	44.2	312	165	7	12	314	1	312	9.16e-70	213
COL_SA_mg_mt_17395_63151-64098	rin:ACS15_4618	42.7	307	170	6	14	314	1	307	1.58e-69	213
COL_SA_mg_mt_17395_63151-64098	brk:CWS35_19805	41.8	316	175	7	7	314	8	322	2.44e-69	213
COL_SA_mg_mt_17395_63151-64098	afa:UZ73_13830	41.8	316	169	6	14	314	8	323	5.02e-69	212
COL_SA_mg_mt_17395_63151-64098	cox:E0W60_20470	40.1	314	176	8	12	314	9	321	6.69e-69	211
COL_SA_mg_mt_20888_78338-79291	pbab:AAEO81_15985	56.1	312	132	4	1	309	1	310	3.99e-113	324
COL_SA_mg_mt_20888_78338-79291	snap:PQ455_15845	46.9	311	157	7	11	317	8	314	7.32e-84	249
COL_SA_mg_mt_20888_78338-79291	axe:P40_21510	43.7	332	166	7	1	317	1	326	9.86e-79	237
COL_SA_mg_mt_20888_78338-79291	bgp:BGL_2c01180	47.2	305	150	6	19	315	18	319	1.13e-78	236
COL_SA_mg_mt_20888_78338-79291	bpla:bpln_2g01180	46.9	305	151	6	19	315	18	319	4.51e-78	235
COL_SA_mg_mt_20888_78338-79291	hrb:Hrubri_1309	44.1	311	170	2	8	315	6	315	1.13e-77	234
COL_SA_mg_mt_20888_78338-79291	aay:WYH_03339	42.1	309	175	4	11	317	4	310	3.88e-77	232
COL_SA_mg_mt_20888_78338-79291	cenp:M9799_09940	44.6	325	166	7	1	315	1	321	1.53e-76	231
COL_SA_mg_mt_20888_78338-79291	brk:CWS35_19805	44.0	309	166	5	14	317	17	323	1.62e-76	231
COL_SA_mg_mt_20888_78338-79291	bpdz:BBN53_03795	43.1	320	174	5	1	315	1	317	2.71e-76	230
COL_SA_mg_mt_20888_78338-79291	hpeg:EAO82_07115	45.5	290	149	5	3	290	4	286	7.00e-76	229
COL_SA_mg_mt_20888_78338-79291	pacs:FAZ98_16390	43.1	327	171	6	2	315	5	329	1.10e-75	229
COL_SA_mg_mt_20888_78338-79291	bhz:ACR54_03867	43.3	319	175	5	2	317	3	318	1.12e-75	229
COL_SA_mg_mt_20888_78338-79291	cbw:RR42_s1575	41.7	319	174	7	8	317	7	322	2.51e-75	228
COL_SA_mg_mt_20888_78338-79291	adi:B5T_04413	43.2	310	164	5	15	317	4	308	4.66e-75	227
COL_SA_mg_mt_20888_78338-79291	cman:A9D14_14475	41.1	309	178	4	11	317	4	310	4.95e-75	227
COL_SA_mg_mt_20888_78338-79291	ccup:BKK81_29830	42.5	318	173	6	8	317	7	322	2.00e-74	226
COL_SA_mg_mt_20888_78338-79291	cup:BKK80_26525	42.5	318	173	6	8	317	7	322	2.00e-74	226
COL_SA_mg_mt_20888_78338-79291	cuu:BKK79_32410	42.5	318	173	6	8	317	7	322	2.00e-74	226
COL_SA_mg_mt_20888_78338-79291	bdg:LPJ38_20665	41.2	313	177	6	10	317	8	318	3.55e-74	225
COL_SA_mg_mt_20888_78338-79291	bgk:IC762_13675	42.0	317	175	5	8	317	6	320	3.77e-74	225
COL_SA_mg_mt_20888_78338-79291	rhol:RBJ75_26355	43.0	316	167	5	10	315	13	325	4.37e-74	225
COL_SA_mg_mt_20888_78338-79291	hfr:G5S34_07830	42.8	311	174	2	8	315	6	315	4.59e-74	224
COL_SA_mg_mt_20888_78338-79291	cox:E0W60_20470	40.6	325	182	7	1	317	1	322	6.36e-73	222
COL_SA_mg_mt_20888_78338-79291	reu:Reut_B4797	43.4	318	170	7	8	317	7	322	1.27e-72	221
COL_SA_mg_mt_21384_114842-117226	cnc:CNE_2c06820	45.2	305	162	5	491	794	18	318	5.67e-79	251
COL_SA_mg_mt_21384_114842-117226	cuk:KB879_21125	45.2	305	162	5	491	794	18	318	5.67e-79	251
COL_SA_mg_mt_21384_114842-117226	reh:H16_B0739	44.9	305	163	5	491	794	18	318	3.00e-78	249
COL_SA_mg_mt_21384_114842-117226	rmn:TK49_17075	43.2	315	174	5	481	794	8	318	1.58e-77	247
COL_SA_mg_mt_21384_114842-117226	cupp:CTP10_R39540	44.3	305	165	5	491	794	18	318	2.21e-77	246
COL_SA_mg_mt_21384_114842-117226	cox:E0W60_08555	44.3	305	165	5	491	794	18	318	4.30e-77	246
COL_SA_mg_mt_21384_114842-117226	rpj:N234_24525	43.5	315	173	5	481	794	8	318	1.17e-76	244
COL_SA_mg_mt_21384_114842-117226	cbw:RR42_m2771	44.7	309	158	6	491	794	18	318	1.17e-76	244
COL_SA_mg_mt_21384_114842-117226	cuh:BJN34_24895	44.3	305	165	5	491	794	18	318	3.16e-76	243
COL_SA_mg_mt_21384_114842-117226	cnan:A2G96_23660	42.9	315	175	5	481	794	8	318	6.14e-76	243
COL_SA_mg_mt_21384_114842-117226	rpi:Rpic_4500	43.6	305	167	5	491	794	16	316	8.04e-76	242
COL_SA_mg_mt_21384_114842-117226	rpf:Rpic12D_4632	43.6	305	167	5	491	794	16	316	8.04e-76	242
COL_SA_mg_mt_21384_114842-117226	rwe:KOL96_07595	43.3	305	168	5	491	794	16	316	2.18e-75	241
COL_SA_mg_mt_21384_114842-117226	cti:RALTA_B0575	43.0	305	169	5	491	794	18	318	2.36e-74	238
COL_SA_mg_mt_21384_114842-117226	rin:ACS15_4618	43.0	305	169	5	491	794	8	308	3.37e-74	238
COL_SA_mg_mt_21384_114842-117226	ccup:BKK81_20595	41.9	315	178	5	481	794	8	318	1.72e-73	236
COL_SA_mg_mt_21384_114842-117226	cup:BKK80_21285	41.9	315	178	5	481	794	8	318	2.40e-73	236
COL_SA_mg_mt_21384_114842-117226	cuu:BKK79_26500	41.9	315	178	5	481	794	8	318	2.40e-73	236
COL_SA_mg_mt_21384_114842-117226	hyb:Q5W_01280	42.6	305	168	5	491	794	15	313	1.08e-72	234
COL_SA_mg_mt_21384_114842-117226	yti:FNA67_00260	45.7	304	158	5	482	784	15	312	1.39e-71	231
COL_SA_mg_mt_21384_114842-117226	aay:WYH_01862	42.8	306	164	6	493	794	18	316	1.20e-70	228
COL_SA_mg_mt_21384_114842-117226	deq:XM25_18610	45.1	304	160	5	482	784	15	312	1.94e-70	228
COL_SA_mg_mt_21384_114842-117226	aak:AA2016_5653	43.1	304	166	5	482	784	15	312	7.25e-70	226
COL_SA_mg_mt_21384_114842-117226	amis:Amn_pa01550	43.1	304	166	5	482	784	15	312	7.25e-70	226
COL_SA_mg_mt_21384_114842-117226	amio:N7E70_029725	42.8	304	167	5	482	784	15	312	1.01e-68	223
COL_SA_mg_mt_40408_704-1669	cpau:EHF44_27450	46.7	302	157	4	23	321	18	318	2.16e-82	246
COL_SA_mg_mt_40408_704-1669	rmn:TK49_17075	46.4	302	158	4	23	321	18	318	1.73e-81	244
COL_SA_mg_mt_40408_704-1669	ccam:M5D45_27255	45.4	302	161	4	23	321	18	318	1.38e-80	241
COL_SA_mg_mt_40408_704-1669	rpi:Rpic_4500	45.1	304	159	5	23	321	16	316	5.20e-80	240
COL_SA_mg_mt_40408_704-1669	rpf:Rpic12D_4632	45.1	304	159	5	23	321	16	316	5.20e-80	240
COL_SA_mg_mt_40408_704-1669	rin:ACS15_4618	45.4	302	161	4	23	321	8	308	8.14e-80	239
COL_SA_mg_mt_40408_704-1669	reu:Reut_B3579	45.4	304	158	5	23	321	18	318	1.56e-79	239
COL_SA_mg_mt_40408_704-1669	cnc:CNE_2c06820	45.0	302	162	4	23	321	18	318	4.43e-79	238
COL_SA_mg_mt_40408_704-1669	cup:BKK80_21285	47.0	304	153	5	23	321	18	318	4.43e-79	238
COL_SA_mg_mt_40408_704-1669	cuu:BKK79_26500	47.0	304	153	5	23	321	18	318	4.43e-79	238
COL_SA_mg_mt_40408_704-1669	cuk:KB879_21125	45.0	302	162	4	23	321	18	318	4.43e-79	238
COL_SA_mg_mt_40408_704-1669	rwe:KOL96_07595	44.6	303	162	5	23	321	16	316	5.89e-79	237
COL_SA_mg_mt_40408_704-1669	ccup:BKK81_20595	46.7	304	154	5	23	321	18	318	6.26e-79	237
COL_SA_mg_mt_40408_704-1669	cox:E0W60_08555	45.4	304	158	5	23	321	18	318	6.26e-79	237
COL_SA_mg_mt_40408_704-1669	cti:RALTA_B0575	45.7	304	157	5	23	321	18	318	1.25e-78	236
COL_SA_mg_mt_40408_704-1669	cupp:CTP10_R39540	45.1	304	159	5	23	321	18	318	1.25e-78	236
COL_SA_mg_mt_40408_704-1669	cbw:RR42_m2771	45.4	304	158	5	23	321	18	318	1.77e-78	236
COL_SA_mg_mt_40408_704-1669	reh:H16_B0739	45.0	302	162	4	23	321	18	318	2.50e-78	236
COL_SA_mg_mt_40408_704-1669	cnan:A2G96_23660	45.4	304	158	5	23	321	18	318	3.54e-78	235
COL_SA_mg_mt_40408_704-1669	cuh:BJN34_24895	44.7	302	163	4	23	321	18	318	5.00e-78	235
COL_SA_mg_mt_40408_704-1669	rpj:N234_24525	45.4	304	158	5	23	321	18	318	3.99e-77	233
COL_SA_mg_mt_40408_704-1669	pol:Bpro_3680	44.7	304	163	4	23	321	16	319	4.12e-77	233
COL_SA_mg_mt_40408_704-1669	bpdz:BBN53_03795	44.9	303	161	4	22	321	18	317	5.48e-77	232
COL_SA_mg_mt_40408_704-1669	mvar:MasN3_30340	44.0	300	163	4	25	321	25	322	1.80e-76	231
COL_SA_mg_mt_40408_704-1669	dts:BI380_19870	42.8	304	169	4	23	321	16	319	1.31e-75	229
COL_SA_mg_mt_58581_19122-20102	ccup:BKK81_20595	49.4	322	150	5	8	326	7	318	1.19e-88	262
COL_SA_mg_mt_58581_19122-20102	cup:BKK80_21285	49.1	322	151	5	8	326	7	318	2.39e-88	261
COL_SA_mg_mt_58581_19122-20102	cuu:BKK79_26500	49.1	322	151	5	8	326	7	318	2.39e-88	261
COL_SA_mg_mt_58581_19122-20102	cpau:EHF44_27450	46.8	327	161	5	3	326	2	318	3.84e-87	258
COL_SA_mg_mt_58581_19122-20102	cbw:RR42_m2771	47.8	322	155	5	8	326	7	318	1.75e-85	254
COL_SA_mg_mt_58581_19122-20102	reh:H16_B0739	46.6	320	162	5	8	326	7	318	4.96e-85	253
COL_SA_mg_mt_58581_19122-20102	cuh:BJN34_24895	46.6	322	159	5	8	326	7	318	1.40e-84	252
COL_SA_mg_mt_58581_19122-20102	rpj:N234_24525	46.7	323	157	6	8	326	7	318	1.99e-84	251
COL_SA_mg_mt_58581_19122-20102	cnc:CNE_2c06820	46.3	322	160	5	8	326	7	318	1.99e-84	251
COL_SA_mg_mt_58581_19122-20102	cuk:KB879_21125	46.3	322	160	5	8	326	7	318	1.99e-84	251
COL_SA_mg_mt_58581_19122-20102	rmn:TK49_17075	46.7	323	157	6	8	326	7	318	1.13e-83	249
COL_SA_mg_mt_58581_19122-20102	cti:RALTA_B0575	46.3	322	160	5	8	326	7	318	1.59e-83	249
COL_SA_mg_mt_58581_19122-20102	dac:Daci_0965	46.7	323	162	7	7	326	4	319	1.64e-83	249
COL_SA_mg_mt_58581_19122-20102	del:DelCs14_5558	46.7	323	162	7	7	326	4	319	1.64e-83	249
COL_SA_mg_mt_58581_19122-20102	dts:BI380_19870	46.7	323	162	7	7	326	4	319	1.64e-83	249
COL_SA_mg_mt_58581_19122-20102	dla:I6G47_19800	46.7	323	162	7	7	326	4	319	1.64e-83	249
COL_SA_mg_mt_58581_19122-20102	dhk:BO996_04910	46.7	323	162	7	7	326	4	319	2.32e-83	249
COL_SA_mg_mt_58581_19122-20102	rwe:KOL96_07595	46.6	320	162	5	8	326	5	316	2.99e-83	248
COL_SA_mg_mt_58581_19122-20102	cupp:CTP10_R39540	45.7	322	162	5	8	326	7	318	4.51e-83	248
COL_SA_mg_mt_58581_19122-20102	rpi:Rpic_4500	46.6	320	162	5	8	326	5	316	5.99e-83	248
COL_SA_mg_mt_58581_19122-20102	rpf:Rpic12D_4632	46.6	320	162	5	8	326	5	316	5.99e-83	248
COL_SA_mg_mt_58581_19122-20102	reu:Reut_B3579	45.3	322	163	5	8	326	7	318	6.37e-83	248
COL_SA_mg_mt_58581_19122-20102	crj:QMY55_23530	46.8	314	157	7	16	326	13	319	6.57e-83	248
COL_SA_mg_mt_58581_19122-20102	cox:E0W60_08555	45.7	322	162	5	8	326	7	318	1.28e-82	247
COL_SA_mg_mt_58581_19122-20102	cnan:A2G96_23660	45.3	322	163	5	8	326	7	318	1.28e-82	247
COL_SA_mg_mt_69862_10108-11148	bgm:CAL15_17825	42.8	304	158	7	58	345	9	312	6.88e-69	212
COL_SA_mg_mt_69862_10108-11148	hyy:JNX00_19840	40.0	305	166	7	58	346	15	318	7.16e-60	189
COL_SA_mg_mt_69862_10108-11148	ccup:BKK81_20595	38.3	311	177	7	50	346	9	318	1.71e-57	183
COL_SA_mg_mt_69862_10108-11148	reu:Reut_B3579	36.7	311	182	7	50	346	9	318	2.41e-57	182
COL_SA_mg_mt_69862_10108-11148	cup:BKK80_21285	38.3	311	177	7	50	346	9	318	3.39e-57	182
COL_SA_mg_mt_69862_10108-11148	cuu:BKK79_26500	38.3	311	177	7	50	346	9	318	3.39e-57	182
COL_SA_mg_mt_69862_10108-11148	rhmm:ISO16_14740	38.6	285	160	7	76	346	12	295	7.10e-57	181
COL_SA_mg_mt_69862_10108-11148	rhdm:HFP48_25090	38.6	285	160	7	76	346	12	295	1.41e-56	180
COL_SA_mg_mt_69862_10108-11148	cpau:EHF44_27450	36.4	302	177	7	59	346	18	318	3.71e-56	179
COL_SA_mg_mt_69862_10108-11148	cupp:CTP10_R39540	36.1	302	178	7	59	346	18	318	3.71e-56	179
COL_SA_mg_mt_69862_10108-11148	rwe:KOL96_07595	36.4	302	177	7	59	346	16	316	4.95e-56	179
COL_SA_mg_mt_69862_10108-11148	rmn:TK49_17075	36.4	302	177	7	59	346	18	318	5.22e-56	179
COL_SA_mg_mt_69862_10108-11148	cnc:CNE_2c06820	36.8	302	176	6	59	346	18	318	7.35e-56	179
COL_SA_mg_mt_69862_10108-11148	ccam:M5D45_27255	37.6	311	179	8	50	346	9	318	7.35e-56	179
COL_SA_mg_mt_69862_10108-11148	cuk:KB879_21125	36.8	302	176	6	59	346	18	318	7.35e-56	179
COL_SA_mg_mt_69862_10108-11148	bpdz:BBN53_03795	37.9	301	172	8	59	346	19	317	1.01e-55	178
COL_SA_mg_mt_69862_10108-11148	rpi:Rpic_4500	36.4	302	177	7	59	346	16	316	1.38e-55	178
COL_SA_mg_mt_69862_10108-11148	rpf:Rpic12D_4632	36.4	302	177	7	59	346	16	316	1.38e-55	178
COL_SA_mg_mt_69862_10108-11148	achr:C2U31_19590	39.2	309	176	7	49	346	10	317	1.42e-55	178
COL_SA_mg_mt_69862_10108-11148	rin:ACS15_4618	36.8	302	176	7	59	346	8	308	2.20e-55	177
COL_SA_mg_mt_69862_10108-11148	cbw:RR42_m2771	37.4	302	174	7	59	346	18	318	4.05e-55	177
COL_SA_mg_mt_69862_10108-11148	cnan:A2G96_23660	35.8	302	179	6	59	346	18	318	4.05e-55	177
COL_SA_mg_mt_69862_10108-11148	reh:H16_B0739	36.1	302	178	6	59	346	18	318	1.13e-54	176
COL_SA_mg_mt_69862_10108-11148	cox:E0W60_08555	35.8	302	179	7	59	346	18	318	1.13e-54	176
COL_SA_mg_mt_69862_10108-11148	yti:FNA67_00260	37.2	320	187	8	39	345	2	320	1.72e-54	175
COL_SA_mg_mt_85343_115-564	ptro:G5S35_25095	47.3	148	73	2	2	149	190	332	2.84e-38	126
COL_SA_mg_mt_85343_115-564	psam:HU731_015665	45.6	149	77	2	1	149	175	319	1.66e-37	124
COL_SA_mg_mt_85343_115-564	hyn:F9K07_11515	43.7	151	79	3	1	149	175	321	1.73e-37	124
COL_SA_mg_mt_85343_115-564	pfc:PflA506_5354	45.6	149	77	2	1	149	175	319	2.33e-37	124
COL_SA_mg_mt_85343_115-564	pox:MB84_08065	45.9	148	73	2	2	149	180	320	3.34e-37	123
COL_SA_mg_mt_85343_115-564	ccam:M5D45_27255	45.6	149	76	3	1	149	175	318	4.51e-37	123
COL_SA_mg_mt_85343_115-564	smio:CATMQ487_34520	45.3	148	74	2	2	149	198	338	4.73e-37	123
COL_SA_mg_mt_85343_115-564	cnc:CNE_2c06820	45.0	149	77	3	1	149	175	318	1.25e-36	122
COL_SA_mg_mt_85343_115-564	cuk:KB879_21125	45.0	149	77	3	1	149	175	318	1.25e-36	122
COL_SA_mg_mt_85343_115-564	drg:H9K76_11925	43.7	151	79	3	1	149	173	319	1.28e-36	122
COL_SA_mg_mt_85343_115-564	reu:Reut_B3579	44.3	149	78	2	1	149	175	318	2.47e-36	121
COL_SA_mg_mt_85343_115-564	hyda:ABSY19_24165	41.7	151	82	3	1	149	176	322	2.67e-36	121
COL_SA_mg_mt_85343_115-564	rin:ACS15_4618	43.6	149	79	2	1	149	165	308	4.00e-36	120
COL_SA_mg_mt_85343_115-564	rwe:KOL96_07595	43.6	149	79	2	1	149	173	316	6.58e-36	120
COL_SA_mg_mt_85343_115-564	con:TQ29_05730	45.3	148	73	4	2	149	178	317	6.71e-36	120
COL_SA_mg_mt_85343_115-564	pig:EGT29_19400	45.1	133	68	2	17	149	191	318	6.84e-36	120
COL_SA_mg_mt_85343_115-564	rpj:N234_24525	44.3	149	78	3	1	149	175	318	9.61e-36	119
COL_SA_mg_mt_85343_115-564	pshh:HU773_000600	44.3	149	79	2	1	149	175	319	9.79e-36	119
COL_SA_mg_mt_85343_115-564	crj:QMY55_23530	43.0	151	80	3	1	149	173	319	9.79e-36	119
COL_SA_mg_mt_85343_115-564	ppai:E1956_21855	45.3	148	76	2	2	149	177	319	1.37e-35	119
COL_SA_mg_mt_85343_115-564	ccup:BKK81_29830	46.7	150	69	3	2	149	182	322	1.46e-35	119
COL_SA_mg_mt_85343_115-564	cup:BKK80_26525	46.7	150	69	3	2	149	182	322	1.46e-35	119
COL_SA_mg_mt_85343_115-564	cuu:BKK79_32410	46.7	150	69	3	2	149	182	322	1.46e-35	119
COL_SA_mg_mt_85343_115-564	psmz:V6L79_20675	44.3	149	79	2	1	149	173	317	1.86e-35	119
COL_SA_mg_mt_85343_115-564	cnan:A2G96_23660	44.3	149	78	3	1	149	175	318	1.89e-35	119
COL_SA_mg_mt_95294_639-3017	rpi:Rpic_4500	43.9	314	168	7	483	792	7	316	3.05e-73	235
COL_SA_mg_mt_95294_639-3017	rpf:Rpic12D_4632	43.9	314	168	7	483	792	7	316	3.05e-73	235
COL_SA_mg_mt_95294_639-3017	rwe:KOL96_07595	43.6	314	169	7	483	792	7	316	4.24e-73	235
COL_SA_mg_mt_95294_639-3017	rmn:TK49_17075	43.5	315	170	7	482	792	8	318	6.27e-73	234
COL_SA_mg_mt_95294_639-3017	ccup:BKK81_20595	43.0	314	173	5	482	792	8	318	1.23e-71	231
COL_SA_mg_mt_95294_639-3017	cup:BKK80_21285	43.0	314	173	5	482	792	8	318	2.38e-71	230
COL_SA_mg_mt_95294_639-3017	cuu:BKK79_26500	43.0	314	173	5	482	792	8	318	2.38e-71	230
COL_SA_mg_mt_95294_639-3017	reh:H16_B0739	42.4	314	175	6	482	792	8	318	3.31e-71	230
COL_SA_mg_mt_95294_639-3017	con:TQ29_05730	40.4	314	179	5	483	792	8	317	4.47e-71	229
COL_SA_mg_mt_95294_639-3017	rpj:N234_24525	42.9	315	172	7	482	792	8	318	6.40e-71	229
COL_SA_mg_mt_95294_639-3017	cuh:BJN34_24895	42.9	315	172	7	482	792	8	318	8.91e-71	229
COL_SA_mg_mt_95294_639-3017	cnc:CNE_2c06820	42.9	315	172	7	482	792	8	318	1.24e-70	228
COL_SA_mg_mt_95294_639-3017	cuk:KB879_21125	42.9	315	172	7	482	792	8	318	1.24e-70	228
COL_SA_mg_mt_95294_639-3017	cnan:A2G96_23660	41.5	313	179	4	482	792	8	318	1.24e-70	228
COL_SA_mg_mt_95294_639-3017	acig:BS636_11045	41.2	318	174	8	483	792	7	319	1.77e-70	228
COL_SA_mg_mt_95294_639-3017	reu:Reut_B3579	41.9	313	178	4	482	792	8	318	3.33e-70	227
COL_SA_mg_mt_95294_639-3017	cox:E0W60_08555	41.5	313	179	4	482	792	8	318	1.73e-69	225
COL_SA_mg_mt_95294_639-3017	cupp:CTP10_R39540	41.2	313	180	4	482	792	8	318	8.96e-69	223
COL_SA_mg_mt_95294_639-3017	rin:ACS15_4618	43.0	309	168	7	488	792	4	308	9.23e-69	223
COL_SA_mg_mt_95294_639-3017	cpau:EHF44_27450	40.6	313	182	4	482	792	8	318	8.94e-68	221
COL_SA_mg_mt_95294_639-3017	care:LT85_0544	41.0	312	181	3	482	792	7	316	1.17e-67	220
COL_SA_mg_mt_95294_639-3017	aace:A0U92_13920	41.5	313	176	5	483	792	7	315	2.19e-67	219
COL_SA_mg_mt_95294_639-3017	cbw:RR42_m2771	41.4	319	181	6	477	792	3	318	2.39e-67	219
COL_SA_mg_mt_95294_639-3017	ccam:M5D45_27255	40.6	313	182	4	482	792	8	318	2.39e-67	219
COL_SA_mg_mt_95294_639-3017	bpdz:BBN53_03795	42.5	313	172	6	483	792	10	317	3.23e-67	219
COL_SA_mg_mt_109713_230-1225	ccup:BKK81_20595	46.2	316	163	4	21	331	5	318	3.52e-89	264
COL_SA_mg_mt_109713_230-1225	cup:BKK80_21285	46.2	316	163	4	21	331	5	318	3.52e-89	264
COL_SA_mg_mt_109713_230-1225	cuu:BKK79_26500	46.2	316	163	4	21	331	5	318	3.52e-89	264
COL_SA_mg_mt_109713_230-1225	cpau:EHF44_27450	45.9	316	164	4	21	331	5	318	4.01e-88	261
COL_SA_mg_mt_109713_230-1225	bpdz:BBN53_03795	47.9	313	158	4	22	331	7	317	5.50e-88	261
COL_SA_mg_mt_109713_230-1225	reu:Reut_B3579	45.9	316	164	4	21	331	5	318	1.14e-87	260
COL_SA_mg_mt_109713_230-1225	cuh:BJN34_24895	44.9	314	170	3	21	331	5	318	2.27e-87	259
COL_SA_mg_mt_109713_230-1225	rpj:N234_24525	45.2	314	169	3	21	331	5	318	3.22e-87	259
COL_SA_mg_mt_109713_230-1225	cnc:CNE_2c06820	44.6	314	171	3	21	331	5	318	3.22e-87	259
COL_SA_mg_mt_109713_230-1225	cuk:KB879_21125	44.6	314	171	3	21	331	5	318	3.22e-87	259
COL_SA_mg_mt_109713_230-1225	ccam:M5D45_27255	45.3	316	166	4	21	331	5	318	6.44e-87	258
COL_SA_mg_mt_109713_230-1225	reh:H16_B0739	44.6	314	171	3	21	331	5	318	1.29e-86	257
COL_SA_mg_mt_109713_230-1225	cnan:A2G96_23660	44.6	314	171	3	21	331	5	318	1.29e-86	257
COL_SA_mg_mt_109713_230-1225	cti:RALTA_B0575	44.9	314	170	3	21	331	5	318	2.58e-86	256
COL_SA_mg_mt_109713_230-1225	cox:E0W60_08555	44.3	314	172	3	21	331	5	318	2.07e-85	254
COL_SA_mg_mt_109713_230-1225	cupp:CTP10_R39540	43.9	314	173	3	21	331	5	318	2.07e-85	254
COL_SA_mg_mt_109713_230-1225	kgy:EHF36_01335	45.7	324	164	7	20	331	4	327	7.76e-85	253
COL_SA_mg_mt_109713_230-1225	cbw:RR42_s1575	44.2	321	166	6	21	331	5	322	1.88e-84	252
COL_SA_mg_mt_109713_230-1225	yti:FNA67_00260	44.9	316	164	6	20	330	10	320	2.58e-84	251
COL_SA_mg_mt_109713_230-1225	boj:CBF45_01150	45.4	324	165	7	20	331	4	327	6.21e-84	251
COL_SA_mg_mt_109713_230-1225	cbw:RR42_m2771	44.9	314	170	3	21	331	5	318	9.41e-84	250
COL_SA_mg_mt_109713_230-1225	aace:A0U92_13920	44.2	312	170	4	23	331	5	315	2.43e-83	249
COL_SA_mg_mt_109713_230-1225	ccup:BKK81_29830	45.3	320	164	7	21	331	5	322	4.26e-83	248
COL_SA_mg_mt_109713_230-1225	cup:BKK80_26525	45.3	320	164	7	21	331	5	322	4.26e-83	248
COL_SA_mg_mt_109713_230-1225	deq:XM25_18610	44.6	316	165	6	20	330	10	320	5.85e-83	248
COL_SA_mg_mt_119913_50289-51266	rmn:TK49_17075	47.0	317	163	4	14	325	2	318	6.78e-85	253
COL_SA_mg_mt_119913_50289-51266	rpi:Rpic_4500	45.8	312	164	4	19	325	5	316	1.64e-82	246
COL_SA_mg_mt_119913_50289-51266	rpf:Rpic12D_4632	45.8	312	164	4	19	325	5	316	1.64e-82	246
COL_SA_mg_mt_119913_50289-51266	rwe:KOL96_07595	45.8	312	164	4	19	325	5	316	4.64e-82	245
COL_SA_mg_mt_119913_50289-51266	rin:ACS15_4618	46.8	301	155	4	30	325	8	308	1.45e-81	244
COL_SA_mg_mt_119913_50289-51266	cup:BKK80_21285	46.1	317	166	4	14	325	2	318	7.91e-81	242
COL_SA_mg_mt_119913_50289-51266	cuu:BKK79_26500	46.1	317	166	4	14	325	2	318	7.91e-81	242
COL_SA_mg_mt_119913_50289-51266	ccup:BKK81_20595	45.7	317	167	4	14	325	2	318	1.12e-80	242
COL_SA_mg_mt_119913_50289-51266	cupp:CTP10_R39540	44.2	317	172	4	14	325	2	318	3.16e-80	241
COL_SA_mg_mt_119913_50289-51266	ccam:M5D45_27255	44.2	317	172	4	14	325	2	318	1.79e-79	239
COL_SA_mg_mt_119913_50289-51266	rpj:N234_24525	44.2	317	172	4	14	325	2	318	5.06e-79	238
COL_SA_mg_mt_119913_50289-51266	cpau:EHF44_27450	44.5	317	171	4	14	325	2	318	5.06e-79	238
COL_SA_mg_mt_119913_50289-51266	cox:E0W60_08555	43.8	317	173	4	14	325	2	318	7.15e-79	237
COL_SA_mg_mt_119913_50289-51266	reh:H16_B0739	43.5	317	174	4	14	325	2	318	2.02e-78	236
COL_SA_mg_mt_119913_50289-51266	cnc:CNE_2c06820	43.5	317	174	4	14	325	2	318	2.02e-78	236
COL_SA_mg_mt_119913_50289-51266	cuk:KB879_21125	43.5	317	174	4	14	325	2	318	2.02e-78	236
COL_SA_mg_mt_119913_50289-51266	cnan:A2G96_23660	43.8	317	173	4	14	325	2	318	2.02e-78	236
COL_SA_mg_mt_119913_50289-51266	mvar:MasN3_30340	47.0	298	150	7	33	325	28	322	3.23e-78	236
COL_SA_mg_mt_119913_50289-51266	bpdz:BBN53_03795	46.6	296	153	4	33	325	24	317	3.92e-78	235
COL_SA_mg_mt_119913_50289-51266	reu:Reut_B3579	42.9	317	176	4	14	325	2	318	4.04e-78	235
COL_SA_mg_mt_119913_50289-51266	cti:RALTA_B0575	43.8	317	173	4	14	325	2	318	8.08e-78	234
COL_SA_mg_mt_119913_50289-51266	rhmm:ISO16_14740	48.3	292	142	7	40	325	7	295	1.13e-77	233
COL_SA_mg_mt_119913_50289-51266	cuh:BJN34_24895	43.2	317	175	4	14	325	2	318	1.14e-77	234
COL_SA_mg_mt_119913_50289-51266	rhdm:HFP48_25090	48.6	288	139	7	44	325	11	295	2.26e-77	233
COL_SA_mg_mt_119913_50289-51266	rhor:ONR75_23650	42.9	317	160	6	28	325	8	322	1.84e-74	226
COL_SA_mg_mt_181964_17302-18249	reu:Reut_B4797	43.0	314	167	8	12	314	9	321	1.18e-75	229
COL_SA_mg_mt_181964_17302-18249	thk:CCZ27_15675	43.6	314	163	9	13	314	10	321	2.11e-73	223
COL_SA_mg_mt_181964_17302-18249	smio:CATMQ487_34520	41.4	331	165	9	12	314	8	337	3.37e-73	223
COL_SA_mg_mt_181964_17302-18249	rmn:TK49_17075	43.5	313	171	6	8	314	5	317	1.49e-72	221
COL_SA_mg_mt_181964_17302-18249	rwe:KOL96_07595	43.4	309	169	6	12	314	7	315	5.61e-72	219
COL_SA_mg_mt_181964_17302-18249	rpi:Rpic_4500	43.4	309	169	6	12	314	7	315	7.92e-72	219
COL_SA_mg_mt_181964_17302-18249	rpf:Rpic12D_4632	43.4	309	169	6	12	314	7	315	7.92e-72	219
COL_SA_mg_mt_181964_17302-18249	cuu:BKK79_32410	41.4	314	172	8	12	314	9	321	1.34e-71	218
COL_SA_mg_mt_181964_17302-18249	ccup:BKK81_29830	41.1	314	173	8	12	314	9	321	1.89e-71	218
COL_SA_mg_mt_181964_17302-18249	cup:BKK80_26525	41.1	314	173	8	12	314	9	321	1.89e-71	218
COL_SA_mg_mt_181964_17302-18249	ccup:BKK81_20595	44.0	309	167	6	12	314	9	317	3.35e-71	217
COL_SA_mg_mt_181964_17302-18249	con:TQ29_05730	43.4	316	169	8	7	314	3	316	4.59e-71	217
COL_SA_mg_mt_181964_17302-18249	cup:BKK80_21285	44.0	309	167	6	12	314	9	317	6.68e-71	216
COL_SA_mg_mt_181964_17302-18249	cuu:BKK79_26500	44.0	309	167	6	12	314	9	317	6.68e-71	216
COL_SA_mg_mt_181964_17302-18249	rhdm:HFP48_25090	44.5	292	155	6	29	314	4	294	1.35e-70	215
COL_SA_mg_mt_181964_17302-18249	rhmm:ISO16_14740	44.5	292	155	6	29	314	4	294	1.35e-70	215
COL_SA_mg_mt_181964_17302-18249	hyb:Q5W_01280	42.5	308	171	6	12	314	6	312	2.30e-70	215
COL_SA_mg_mt_181964_17302-18249	cbw:RR42_m2771	43.4	309	169	6	12	314	9	317	2.66e-70	215
COL_SA_mg_mt_181964_17302-18249	cbw:RR42_s1575	41.1	314	173	8	12	314	9	321	2.99e-70	215
COL_SA_mg_mt_181964_17302-18249	buu:WS70_13205	42.9	310	168	8	13	314	10	318	5.47e-70	214
COL_SA_mg_mt_181964_17302-18249	bgm:CAL15_17825	44.2	312	165	7	12	314	1	312	9.16e-70	213
COL_SA_mg_mt_181964_17302-18249	rin:ACS15_4618	42.7	307	170	6	14	314	1	307	1.58e-69	213
COL_SA_mg_mt_181964_17302-18249	brk:CWS35_19805	41.8	316	175	7	7	314	8	322	2.44e-69	213
COL_SA_mg_mt_181964_17302-18249	afa:UZ73_13830	41.8	316	169	6	14	314	8	323	5.02e-69	212
COL_SA_mg_mt_181964_17302-18249	cox:E0W60_20470	40.1	314	176	8	12	314	9	321	6.69e-69	211
COL_SA_mg_mt_186406_111588-112556	ccam:M5D45_27255	45.6	320	166	3	8	322	2	318	3.35e-87	258
COL_SA_mg_mt_186406_111588-112556	cpau:EHF44_27450	46.3	322	161	5	8	322	2	318	1.90e-86	256
COL_SA_mg_mt_186406_111588-112556	mum:FCL38_03880	45.9	316	170	1	8	322	2	317	8.39e-85	252
COL_SA_mg_mt_186406_111588-112556	rpj:N234_24525	45.3	322	164	5	8	322	2	318	8.66e-85	252
COL_SA_mg_mt_186406_111588-112556	reu:Reut_B3579	45.3	322	164	5	8	322	2	318	1.23e-84	252
COL_SA_mg_mt_186406_111588-112556	cuh:BJN34_24895	44.7	320	169	3	8	322	2	318	1.73e-84	251
COL_SA_mg_mt_186406_111588-112556	ccup:BKK81_20595	45.1	317	172	2	8	322	2	318	1.73e-84	251
COL_SA_mg_mt_186406_111588-112556	cup:BKK80_21285	45.1	317	172	2	8	322	2	318	1.73e-84	251
COL_SA_mg_mt_186406_111588-112556	cuu:BKK79_26500	45.1	317	172	2	8	322	2	318	1.73e-84	251
COL_SA_mg_mt_186406_111588-112556	cox:E0W60_08555	44.7	320	169	3	8	322	2	318	2.45e-84	251
COL_SA_mg_mt_186406_111588-112556	cnan:A2G96_23660	45.5	321	165	5	8	322	2	318	2.45e-84	251
COL_SA_mg_mt_186406_111588-112556	cti:RALTA_B0575	45.0	320	168	3	8	322	2	318	3.47e-84	251
COL_SA_mg_mt_186406_111588-112556	cnc:CNE_2c06820	44.4	320	170	3	8	322	2	318	1.39e-83	249
COL_SA_mg_mt_186406_111588-112556	cuk:KB879_21125	44.4	320	170	3	8	322	2	318	1.39e-83	249
COL_SA_mg_mt_186406_111588-112556	cupp:CTP10_R39540	44.4	320	170	3	8	322	2	318	1.39e-83	249
COL_SA_mg_mt_186406_111588-112556	cbw:RR42_m2771	45.0	320	168	3	8	322	2	318	2.78e-83	248
COL_SA_mg_mt_186406_111588-112556	reh:H16_B0739	44.1	322	168	5	8	322	2	318	1.26e-81	244
COL_SA_mg_mt_186406_111588-112556	rhol:RBJ75_26355	44.2	326	173	4	4	322	2	325	3.13e-81	243
COL_SA_mg_mt_186406_111588-112556	vei:Veis_2771	43.5	317	173	3	10	322	4	318	5.72e-80	240
COL_SA_mg_mt_186406_111588-112556	asw:CVS48_25005	42.4	316	180	2	8	322	2	316	1.22e-78	236
COL_SA_mg_mt_186406_111588-112556	bdg:LPJ38_20665	42.0	314	173	4	15	322	8	318	2.59e-78	236
COL_SA_mg_mt_186406_111588-112556	hee:hmeg3_00175	42.9	319	165	3	13	322	6	316	3.44e-78	235
COL_SA_mg_mt_186406_111588-112556	care:LT85_0544	43.8	317	165	5	13	322	6	316	9.73e-78	234
COL_SA_mg_mt_186406_111588-112556	rmn:TK49_17075	42.8	313	175	3	13	322	7	318	1.46e-77	234
COL_SA_mg_mt_186406_111588-112556	hht:F506_19590	42.8	311	177	1	13	322	6	316	3.89e-77	233
COL_SA_mg_mt_251199_2967-3926	snos:K8P63_05730	46.3	315	160	4	12	319	8	320	2.14e-82	246
COL_SA_mg_mt_251199_2967-3926	bbra:QA636_27060	44.7	302	162	4	21	319	22	321	3.54e-81	243
COL_SA_mg_mt_251199_2967-3926	rhmm:ISO16_14740	46.1	297	154	5	27	319	1	295	4.49e-81	242
COL_SA_mg_mt_251199_2967-3926	rhdm:HFP48_25090	46.1	297	154	5	27	319	1	295	6.35e-81	241
COL_SA_mg_mt_251199_2967-3926	bel:BE61_64930	44.0	302	164	4	21	319	22	321	4.53e-79	238
COL_SA_mg_mt_251199_2967-3926	bgm:CAL15_17825	42.8	313	172	3	12	318	1	312	1.01e-78	236
COL_SA_mg_mt_251199_2967-3926	hyb:Q5W_01280	44.7	311	166	4	12	319	6	313	1.42e-78	236
COL_SA_mg_mt_251199_2967-3926	hyy:JNX00_19840	46.6	313	161	4	12	319	7	318	1.65e-78	236
COL_SA_mg_mt_251199_2967-3926	bpah:QA639_17950	44.6	289	155	4	34	319	30	316	4.40e-78	235
COL_SA_mg_mt_251199_2967-3926	reu:Reut_B3579	42.9	310	175	2	12	319	9	318	6.62e-78	234
COL_SA_mg_mt_251199_2967-3926	rmn:TK49_17075	43.5	310	173	2	12	319	9	318	3.74e-77	233
COL_SA_mg_mt_251199_2967-3926	bqb:J4P68_0033845	45.4	293	151	5	34	319	30	320	3.97e-77	233
COL_SA_mg_mt_251199_2967-3926	cid:P73_2874	45.1	315	163	5	12	319	21	332	4.02e-77	233
COL_SA_mg_mt_251199_2967-3926	rwe:KOL96_07595	42.9	310	175	2	12	319	7	316	9.94e-77	231
COL_SA_mg_mt_251199_2967-3926	reu:Reut_B4797	45.3	316	163	5	12	319	9	322	1.19e-76	231
COL_SA_mg_mt_251199_2967-3926	brk:CWS35_19805	43.1	304	166	4	21	319	22	323	1.23e-76	231
COL_SA_mg_mt_251199_2967-3926	cti:RALTA_B0575	42.6	310	176	2	12	319	9	318	2.11e-76	231
COL_SA_mg_mt_251199_2967-3926	vpd:VAPA_2c09730	43.2	310	171	4	11	319	17	322	2.38e-76	231
COL_SA_mg_mt_251199_2967-3926	rhol:RBJ75_26355	42.7	321	173	5	6	319	9	325	2.60e-76	231
COL_SA_mg_mt_251199_2967-3926	ccam:M5D45_27255	41.9	310	178	2	12	319	9	318	2.98e-76	230
COL_SA_mg_mt_251199_2967-3926	rpi:Rpic_4500	42.9	310	175	2	12	319	7	316	3.97e-76	230
COL_SA_mg_mt_251199_2967-3926	rpf:Rpic12D_4632	42.9	310	175	2	12	319	7	316	3.97e-76	230
COL_SA_mg_mt_251199_2967-3926	rin:ACS15_4618	43.2	301	169	2	21	319	8	308	8.81e-76	229
COL_SA_mg_mt_251199_2967-3926	hyn:F9K07_30140	43.2	292	159	4	33	319	24	313	1.45e-75	228
COL_SA_mg_mt_251199_2967-3926	hyn:F9K07_30190	43.2	292	159	4	33	319	24	313	1.45e-75	228
COL_SA_mg_mt_265295_3937-4854	bgm:CAL15_17825	39.1	258	139	6	39	289	31	277	2.71e-44	147
COL_SA_mg_mt_265295_3937-4854	hyy:JNX00_19840	38.3	287	145	9	20	289	11	282	4.56e-43	144
COL_SA_mg_mt_265295_3937-4854	bhz:ACR54_03867	38.8	255	143	5	37	289	39	282	6.39e-43	144
COL_SA_mg_mt_265295_3937-4854	mtez:HPT29_026805	35.9	262	140	5	40	289	39	284	9.39e-43	143
COL_SA_mg_mt_265295_3937-4854	cbot:ATE48_17525	39.0	264	130	8	37	289	34	277	1.12e-42	143
COL_SA_mg_mt_265295_3937-4854	amio:N7E70_029725	36.5	255	146	7	38	289	44	285	3.92e-41	139
COL_SA_mg_mt_265295_3937-4854	aak:AA2016_5653	34.6	295	163	10	12	289	4	285	2.96e-40	137
COL_SA_mg_mt_265295_3937-4854	amis:Amn_pa01550	36.1	255	147	7	38	289	44	285	2.96e-40	137
COL_SA_mg_mt_265295_3937-4854	hht:F506_19590	37.4	257	143	6	38	289	37	280	1.99e-39	134
COL_SA_mg_mt_265295_3937-4854	eaz:JHT90_04155	36.2	257	147	6	38	289	36	280	2.79e-39	134
COL_SA_mg_mt_265295_3937-4854	bpah:QA639_17950	35.4	257	144	6	40	289	39	280	2.79e-39	134
COL_SA_mg_mt_265295_3937-4854	yti:FNA67_00260	35.7	255	148	6	38	289	44	285	3.11e-39	134
COL_SA_mg_mt_265295_3937-4854	hee:hmeg3_00175	37.4	257	143	6	38	289	37	280	3.90e-39	134
COL_SA_mg_mt_265295_3937-4854	pig:EGT29_10560	34.8	270	160	5	40	305	40	297	1.12e-38	132
COL_SA_mg_mt_265295_3937-4854	pig:EGT29_19400	34.8	270	160	5	40	305	40	297	1.12e-38	132
COL_SA_mg_mt_265295_3937-4854	psil:PMA3_18885	35.8	257	149	5	38	289	38	283	1.59e-38	132
COL_SA_mg_mt_265295_3937-4854	ento:MTZ49_08520	35.3	272	158	7	38	304	36	294	5.71e-38	130
COL_SA_mg_mt_265295_3937-4854	deq:XM25_18610	35.3	255	149	6	38	289	44	285	6.35e-38	130
COL_SA_mg_mt_265295_3937-4854	smio:CATMQ487_34520	35.6	275	144	8	38	289	38	302	6.46e-38	131
COL_SA_mg_mt_265295_3937-4854	vaw:SFB74_19150	35.8	268	152	7	30	289	31	286	6.49e-38	130
COL_SA_mg_mt_265295_3937-4854	bgk:IC762_13675	34.6	263	142	7	40	289	39	284	8.70e-38	130
COL_SA_mg_mt_265295_3937-4854	pskp:KU43P_13840	36.8	258	145	7	38	289	38	283	1.19e-37	130
COL_SA_mg_mt_265295_3937-4854	vav:IG196_12455	35.8	268	152	7	30	289	31	286	1.27e-37	130
COL_SA_mg_mt_265295_3937-4854	pcq:PcP3B5_07920	36.8	258	145	7	38	289	37	282	1.63e-37	129
COL_SA_mg_mt_265295_3937-4854	bbra:QA636_27060	34.8	264	148	7	33	289	39	285	1.73e-37	129
COL_SA_mg_mt_267587_21608-23968	hyb:Q5W_01280	44.4	311	167	4	477	786	8	313	3.94e-81	256
COL_SA_mg_mt_267587_21608-23968	rpi:Rpic_4500	44.7	304	164	4	484	786	16	316	6.27e-80	253
COL_SA_mg_mt_267587_21608-23968	rpf:Rpic12D_4632	44.7	304	164	4	484	786	16	316	6.27e-80	253
COL_SA_mg_mt_267587_21608-23968	rwe:KOL96_07595	44.4	304	165	4	484	786	16	316	1.71e-79	252
COL_SA_mg_mt_267587_21608-23968	rmn:TK49_17075	44.4	304	165	4	484	786	18	318	4.94e-79	251
COL_SA_mg_mt_267587_21608-23968	cup:BKK80_21285	44.7	320	165	5	472	786	6	318	1.88e-78	249
COL_SA_mg_mt_267587_21608-23968	cuu:BKK79_26500	44.7	320	165	5	472	786	6	318	1.88e-78	249
COL_SA_mg_mt_267587_21608-23968	ccup:BKK81_20595	44.4	320	166	5	472	786	6	318	2.62e-78	249
COL_SA_mg_mt_267587_21608-23968	cbw:RR42_m2771	45.5	308	156	5	484	786	18	318	5.10e-78	248
COL_SA_mg_mt_267587_21608-23968	rin:ACS15_4618	44.1	304	166	4	484	786	8	308	1.46e-76	244
COL_SA_mg_mt_267587_21608-23968	reu:Reut_B3579	42.8	320	171	5	472	786	6	318	5.38e-76	243
COL_SA_mg_mt_267587_21608-23968	pann:PanNE5_03720	44.4	306	166	3	484	786	17	321	2.28e-74	238
COL_SA_mg_mt_267587_21608-23968	panx:OYT13_05275	44.4	306	166	3	484	786	17	321	2.28e-74	238
COL_SA_mg_mt_267587_21608-23968	ppk:U875_18000	44.1	306	167	3	484	786	17	321	4.42e-74	238
COL_SA_mg_mt_267587_21608-23968	ppno:DA70_10510	44.1	306	167	3	484	786	17	321	4.42e-74	238
COL_SA_mg_mt_267587_21608-23968	ppnm:LV28_20550	44.1	306	167	3	484	786	17	321	4.42e-74	238
COL_SA_mg_mt_267587_21608-23968	prb:X636_16120	44.1	306	167	3	484	786	17	321	4.42e-74	238
COL_SA_mg_mt_267587_21608-23968	reh:H16_B0739	41.6	308	168	5	484	786	18	318	1.52e-73	236
COL_SA_mg_mt_267587_21608-23968	sthm:IS481_17575	45.2	294	153	5	496	786	32	320	1.61e-73	236
COL_SA_mg_mt_267587_21608-23968	cuh:BJN34_24895	41.9	308	167	5	484	786	18	318	2.95e-73	235
COL_SA_mg_mt_267587_21608-23968	pand:DRB87_05410	44.4	306	166	3	484	786	17	321	3.23e-73	235
COL_SA_mg_mt_267587_21608-23968	pre:PCA10_15680	42.4	304	171	4	484	786	18	318	4.10e-73	235
COL_SA_mg_mt_267587_21608-23968	cti:RALTA_B0575	42.2	308	166	5	484	786	18	318	4.10e-73	235
COL_SA_mg_mt_267587_21608-23968	mvar:MasN3_30340	41.9	313	173	5	477	786	16	322	4.63e-73	235
COL_SA_mg_mt_267587_21608-23968	rpj:N234_24525	42.2	308	166	5	484	786	18	318	7.96e-73	234
COL_SA_mg_mt_269823_28272-30623	rmn:TK49_17075	42.9	312	173	5	473	783	11	318	6.55e-79	250
COL_SA_mg_mt_269823_28272-30623	rpi:Rpic_4500	43.3	312	172	5	473	783	9	316	8.59e-79	250
COL_SA_mg_mt_269823_28272-30623	rpf:Rpic12D_4632	43.3	312	172	5	473	783	9	316	8.59e-79	250
COL_SA_mg_mt_269823_28272-30623	rwe:KOL96_07595	42.9	312	173	5	473	783	9	316	2.34e-78	249
COL_SA_mg_mt_269823_28272-30623	cti:RALTA_B0575	42.9	312	173	5	473	783	11	318	6.96e-77	245
COL_SA_mg_mt_269823_28272-30623	cup:BKK80_21285	43.4	316	166	6	473	783	11	318	1.89e-76	244
COL_SA_mg_mt_269823_28272-30623	cuu:BKK79_26500	43.4	316	166	6	473	783	11	318	1.89e-76	244
COL_SA_mg_mt_269823_28272-30623	ccup:BKK81_20595	43.0	316	167	6	473	783	11	318	2.63e-76	243
COL_SA_mg_mt_269823_28272-30623	cnan:A2G96_23660	42.3	312	175	5	473	783	11	318	7.14e-76	242
COL_SA_mg_mt_269823_28272-30623	rpj:N234_24525	42.9	312	173	5	473	783	11	318	1.39e-75	241
COL_SA_mg_mt_269823_28272-30623	cuh:BJN34_24895	42.9	312	173	5	473	783	11	318	1.39e-75	241
COL_SA_mg_mt_269823_28272-30623	cbw:RR42_m2771	43.7	316	165	6	473	783	11	318	1.94e-75	241
COL_SA_mg_mt_269823_28272-30623	hyb:Q5W_01280	42.3	312	173	5	473	783	8	313	6.28e-75	239
COL_SA_mg_mt_269823_28272-30623	cox:E0W60_08555	42.0	312	176	5	473	783	11	318	1.42e-74	239
COL_SA_mg_mt_269823_28272-30623	cnc:CNE_2c06820	42.3	312	175	5	473	783	11	318	1.98e-74	238
COL_SA_mg_mt_269823_28272-30623	cuk:KB879_21125	42.3	312	175	5	473	783	11	318	1.98e-74	238
COL_SA_mg_mt_269823_28272-30623	rin:ACS15_4618	41.7	312	177	5	473	783	1	308	2.03e-74	238
COL_SA_mg_mt_269823_28272-30623	cupp:CTP10_R39540	41.7	312	177	5	473	783	11	318	3.85e-74	238
COL_SA_mg_mt_269823_28272-30623	reh:H16_B0739	42.0	312	176	5	473	783	11	318	7.46e-74	237
COL_SA_mg_mt_269823_28272-30623	pig:EGT29_23160	43.3	323	167	9	471	783	8	324	2.46e-72	233
COL_SA_mg_mt_269823_28272-30623	aak:AA2016_5653	46.6	307	151	8	471	773	15	312	3.13e-72	233
COL_SA_mg_mt_269823_28272-30623	amis:Amn_pa01550	46.6	307	151	8	471	773	15	312	3.13e-72	233
COL_SA_mg_mt_269823_28272-30623	amio:N7E70_029725	46.6	307	151	8	471	773	15	312	4.35e-72	232
COL_SA_mg_mt_269823_28272-30623	pcq:PcP3B5_07920	41.4	314	182	2	470	783	7	318	5.54e-72	232
COL_SA_mg_mt_269823_28272-30623	ppai:E1956_21855	42.0	312	177	4	473	783	11	319	1.11e-71	231
COL_SA_mg_mt_311298_2-259	bge:BC1002_4697	51.8	85	40	1	1	85	236	319	3.10e-26	92.0
COL_SA_mg_mt_311298_2-259	pspw:BJG93_04570	48.2	85	43	1	1	85	235	318	1.19e-24	87.8
COL_SA_mg_mt_311298_2-259	cbw:RR42_s1575	54.1	85	38	1	1	85	239	322	1.74e-24	87.4
COL_SA_mg_mt_311298_2-259	park:LSG25_14010	54.1	85	38	1	1	85	246	329	1.88e-24	87.4
COL_SA_mg_mt_311298_2-259	smio:CATMQ487_34520	52.9	85	39	1	1	85	255	338	2.87e-24	87.0
COL_SA_mg_mt_311298_2-259	mvar:MasN3_30340	51.8	85	40	1	1	85	239	322	3.38e-24	86.7
COL_SA_mg_mt_311298_2-259	rhob:HTY51_11695	52.4	84	39	1	1	84	243	325	3.53e-24	86.7
COL_SA_mg_mt_311298_2-259	acip:CBP36_17870	50.0	84	41	1	2	85	238	320	8.92e-24	85.5
COL_SA_mg_mt_311298_2-259	acin:CBP34_18210	50.0	84	41	1	2	85	238	320	8.92e-24	85.5
COL_SA_mg_mt_311298_2-259	acis:CBP35_01040	50.0	84	41	1	2	85	238	320	8.92e-24	85.5
COL_SA_mg_mt_311298_2-259	pnr:AT302_01050	54.1	85	38	1	1	85	241	324	9.31e-24	85.5
COL_SA_mg_mt_311298_2-259	ppii:QL104_31085	50.6	85	41	1	1	85	236	319	2.38e-23	84.3
COL_SA_mg_mt_311298_2-259	rhz:RHPLAN_44340	49.4	85	42	1	1	85	244	327	2.59e-23	84.3
COL_SA_mg_mt_311298_2-259	aaeg:RA224_28125	53.3	75	34	1	11	85	252	325	9.47e-23	82.8
COL_SA_mg_mt_311298_2-259	rmn:TK49_17075	48.2	85	43	1	1	85	235	318	1.23e-22	82.4
COL_SA_mg_mt_311298_2-259	phyg:JTY93_27045	50.6	85	41	1	1	85	236	319	1.73e-22	82.0
COL_SA_mg_mt_311298_2-259	reu:Reut_B4797	50.6	85	41	1	1	85	239	322	1.78e-22	82.0
COL_SA_mg_mt_311298_2-259	cox:E0W60_20470	51.8	85	40	1	1	85	239	322	1.78e-22	82.0
COL_SA_mg_mt_311298_2-259	psil:PMA3_18885	50.6	85	41	1	1	85	236	319	2.40e-22	81.6
COL_SA_mg_mt_311298_2-259	pshh:HU773_000600	50.6	85	41	1	1	85	236	319	2.40e-22	81.6
COL_SA_mg_mt_311298_2-259	pskp:KU43P_13840	51.8	85	40	1	1	85	236	319	2.40e-22	81.6
COL_SA_mg_mt_311298_2-259	ccup:BKK81_29830	49.4	85	42	1	1	85	239	322	2.47e-22	81.6
COL_SA_mg_mt_311298_2-259	cup:BKK80_26525	49.4	85	42	1	1	85	239	322	2.47e-22	81.6
COL_SA_mg_mt_311298_2-259	cuu:BKK79_32410	49.4	85	42	1	1	85	239	322	2.47e-22	81.6
COL_SA_mg_mt_311298_2-259	dih:G7047_06755	50.6	85	41	1	1	85	239	322	2.47e-22	81.6
